CREATE TABLE "graph$relationship" (
	"id" BIGINT NOT NULL,
	"name" VARCHAR_IGNORECASE(200) NULL,
	"cluster" VARCHAR_IGNORECASE(200) NULL,
	"relationtype" VARCHAR_IGNORECASE(200) NULL,
	PRIMARY KEY("id"));
INSERT INTO "mendixsystem$entity" ("id", 
"entity_name", 
"table_name", 
"remote", 
"remote_primary_key")
 VALUES ('0e9b1885-b255-47be-90f4-8baacd0a4fe5', 
'Graph.RelationShip', 
'graph$relationship', 
false, 
false);
INSERT INTO "mendixsystem$attribute" ("id", 
"entity_id", 
"attribute_name", 
"column_name", 
"type", 
"length", 
"default_value", 
"is_auto_number")
 VALUES ('b65f5248-09f4-4c65-9c3a-2bc1504da365', 
'0e9b1885-b255-47be-90f4-8baacd0a4fe5', 
'Name', 
'name', 
30, 
200, 
'', 
false);
INSERT INTO "mendixsystem$attribute" ("id", 
"entity_id", 
"attribute_name", 
"column_name", 
"type", 
"length", 
"default_value", 
"is_auto_number")
 VALUES ('1ff45c18-4e50-4df4-9518-a33f82a3598c', 
'0e9b1885-b255-47be-90f4-8baacd0a4fe5', 
'Cluster', 
'cluster', 
30, 
200, 
'', 
false);
INSERT INTO "mendixsystem$attribute" ("id", 
"entity_id", 
"attribute_name", 
"column_name", 
"type", 
"length", 
"default_value", 
"is_auto_number")
 VALUES ('f8fbc21b-1830-4f72-b823-ffb7f34008d1', 
'0e9b1885-b255-47be-90f4-8baacd0a4fe5', 
'RelationType', 
'relationtype', 
30, 
200, 
'', 
false);
CREATE TABLE "graph$relationship_customer_to" (
	"graph$relationshipid" BIGINT NOT NULL,
	"graph$customerid" BIGINT NOT NULL,
	PRIMARY KEY("graph$relationshipid","graph$customerid"),
	CONSTRAINT "uniq_graph$relationship_customer_to_graph$relationshipid" UNIQUE ("graph$relationshipid"));
CREATE INDEX "idx_graph$relationship_customer_to_graph$customer_graph$relationship" ON "graph$relationship_customer_to" ("graph$customerid" ASC,"graph$relationshipid" ASC);
INSERT INTO "mendixsystem$association" ("id", 
"association_name", 
"table_name", 
"parent_entity_id", 
"child_entity_id", 
"parent_column_name", 
"child_column_name", 
"index_name")
 VALUES ('6853444f-2eeb-497b-81bd-814ddf964a72', 
'Graph.RelationShip_Customer_To', 
'graph$relationship_customer_to', 
'0e9b1885-b255-47be-90f4-8baacd0a4fe5', 
'e6a28094-8118-4bfb-9b40-1260ff67bd63', 
'graph$relationshipid', 
'graph$customerid', 
'idx_graph$relationship_customer_to_graph$customer_graph$relationship');
INSERT INTO "mendixsystem$unique_constraint" ("name", 
"table_id", 
"column_id")
 VALUES ('uniq_graph$relationship_customer_to_graph$relationshipid', 
'6853444f-2eeb-497b-81bd-814ddf964a72', 
'5fdf84a5-d152-3cea-a561-d2a2a7fcb989');
CREATE TABLE "graph$relationship_customer_from" (
	"graph$relationshipid" BIGINT NOT NULL,
	"graph$customerid" BIGINT NOT NULL,
	PRIMARY KEY("graph$relationshipid","graph$customerid"),
	CONSTRAINT "uniq_graph$relationship_customer_from_graph$relationshipid" UNIQUE ("graph$relationshipid"));
CREATE INDEX "idx_graph$relationship_customer_from_graph$customer_graph$relationship" ON "graph$relationship_customer_from" ("graph$customerid" ASC,"graph$relationshipid" ASC);
INSERT INTO "mendixsystem$association" ("id", 
"association_name", 
"table_name", 
"parent_entity_id", 
"child_entity_id", 
"parent_column_name", 
"child_column_name", 
"index_name")
 VALUES ('a13e0df8-c81a-4b2e-81f9-9738da8a977d', 
'Graph.RelationShip_Customer_From', 
'graph$relationship_customer_from', 
'0e9b1885-b255-47be-90f4-8baacd0a4fe5', 
'e6a28094-8118-4bfb-9b40-1260ff67bd63', 
'graph$relationshipid', 
'graph$customerid', 
'idx_graph$relationship_customer_from_graph$customer_graph$relationship');
INSERT INTO "mendixsystem$unique_constraint" ("name", 
"table_id", 
"column_id")
 VALUES ('uniq_graph$relationship_customer_from_graph$relationshipid', 
'a13e0df8-c81a-4b2e-81f9-9738da8a977d', 
'28987db8-635b-3305-8656-edd38ffe5d37');
CREATE TABLE "graph$customer" (
	"id" BIGINT NOT NULL,
	"name" VARCHAR_IGNORECASE(200) NULL,
	"asset" VARCHAR_IGNORECASE(200) NULL,
	"debt" VARCHAR_IGNORECASE(200) NULL,
	"cluster" VARCHAR_IGNORECASE(200) NULL,
	"account" VARCHAR_IGNORECASE(200) NULL,
	PRIMARY KEY("id"));
INSERT INTO "mendixsystem$entity" ("id", 
"entity_name", 
"table_name", 
"remote", 
"remote_primary_key")
 VALUES ('e6a28094-8118-4bfb-9b40-1260ff67bd63', 
'Graph.Customer', 
'graph$customer', 
false, 
false);
INSERT INTO "mendixsystem$attribute" ("id", 
"entity_id", 
"attribute_name", 
"column_name", 
"type", 
"length", 
"default_value", 
"is_auto_number")
 VALUES ('77f4000c-7adc-4999-931f-201fe0c83a1b', 
'e6a28094-8118-4bfb-9b40-1260ff67bd63', 
'Name', 
'name', 
30, 
200, 
'', 
false);
INSERT INTO "mendixsystem$attribute" ("id", 
"entity_id", 
"attribute_name", 
"column_name", 
"type", 
"length", 
"default_value", 
"is_auto_number")
 VALUES ('6a388a82-6de5-40a6-9e43-c38110e5ac03', 
'e6a28094-8118-4bfb-9b40-1260ff67bd63', 
'Asset', 
'asset', 
30, 
200, 
'', 
false);
INSERT INTO "mendixsystem$attribute" ("id", 
"entity_id", 
"attribute_name", 
"column_name", 
"type", 
"length", 
"default_value", 
"is_auto_number")
 VALUES ('af812f00-a98b-4df9-b9a2-bd5f5d8f6549', 
'e6a28094-8118-4bfb-9b40-1260ff67bd63', 
'Debt', 
'debt', 
30, 
200, 
'', 
false);
INSERT INTO "mendixsystem$attribute" ("id", 
"entity_id", 
"attribute_name", 
"column_name", 
"type", 
"length", 
"default_value", 
"is_auto_number")
 VALUES ('f702b430-2f96-4a9e-a2ea-4081087691b9', 
'e6a28094-8118-4bfb-9b40-1260ff67bd63', 
'Cluster', 
'cluster', 
30, 
200, 
'', 
false);
INSERT INTO "mendixsystem$attribute" ("id", 
"entity_id", 
"attribute_name", 
"column_name", 
"type", 
"length", 
"default_value", 
"is_auto_number")
 VALUES ('52fd3530-b3c3-41b4-b589-453c0d159ad9', 
'e6a28094-8118-4bfb-9b40-1260ff67bd63', 
'Account', 
'account', 
30, 
200, 
'', 
false);
UPDATE "mendixsystem$version"
 SET "versionnumber" = '4.2', 
"lastsyncdate" = '20211109 11:46:25';
